{"_wandb":{"runtime":15},"eval/loss":4.15625,"eval/epoch":3,"_timestamp":1.7427946542589545e+09,"_runtime":9.073093068,"_step":2}